id,vehicleNo
1,MH01CR5781
2,MH01CR7293
3,MH02CE6410
4,MH02ER5991
5,MH03AH7175
6,MH03CD0536
7,MH03CV4505
8,MH04BC9347
9,MH04BG3590
10,MH04BG5093
11,MH04BU1853
12,MH04CG0790
13,MH04CG8805
14,MH04CP1089
15,MH04CP3250
16,MH04CP4807
17,MH04CP7518
18,MH04CP8199
19,MH04CP8436
20,MH04CU1895
21,MH04CU3293
22,MH04CU6966
23,MH04CU833
24,MH04DD2566
25,MH04DD4511
26,MH04DD5310
27,MH04DD5316
28,MH04DD5747
29,MH04DD7144
30,MH04DK1119
31,MH04DK3403
32,MH04DK4656
33,MH04DK8140
34,MH04DS9001
35,MH04DS9622
36,MH04EB0394
37,MH04EB1368
38,MH04EB285
39,MH04EB2894
40,MH04EB3822
41,MH04EB9633
42,MH04EC6484
43,MH04EL2723
44,MH04EL2731
45,MH04EL4776
46,MH04EL8015
47,MH04EL9610
48,MH04EM8902
49,MH04EV1368
50,MH04EY3935
51,MH04EY4533
52,MH04EY6881
53,MH04FD0254
54,MH04FD2754
55,MH04FD3507
56,MH04FD5719
57,MH04FD6025
58,MH04FD9423
59,MH04FJ1313
60,MH04FJ1658
61,MH04FJ4305
62,MH04FJ4385
63,MH04FJ4503
64,MH04FJ4978
65,MH04FJ4992
66,MH04FJ5458
67,MH04FP1838
68,MH04FP4080
69,MH04FP4172
70,MH04FP5332
71,MH04FT3507
72,MH04FU1904
73,MH04FU5394
74,MH04FU6582
75,MH04FU7079
76,MH04FU7560
77,MH04FU7686
78,MH04FU8183
79,MH04FU8902
80,MH04FU8982
81,MH04FU9105
82,MH04FZ4385
83,MH04GC0419
84,MH04GC3024
85,MH04GC3186
86,MH04GC3444
87,MH04GC4551
88,MH04GC5175
89,MH04GC7544
90,MH04GC8209
91,MH04GC9347
92,MH04GC9716
93,MH04GF1884
94,MH04GF2726
95,MH04GF3546
96,MH04GR3279
97,MH04GR3540
98,MH04GR3541
99,MH04GR4289
100,MH04GR7209
101,MH04GR9065
102,MH04GR9904
103,MH04HD1830
104,MH04HD2243
105,MH04HX7931
106,MH04HY6943
107,MH04HY7337
108,MH04HY7931
109,MH04HY9958
110,MH04JK5150
111,MH04JK5379
112,MH04JK7347
113,MH04JK9388
114,MH04JR7842
115,MH04JU3934
116,MH04JU5364
117,MH04JU8116
118,MH04JV4452
119,MH04KF4094
120,MH04KF4793
121,MH04KP0458
122,MH04KV3394
123,MH04LE3492
124,MH04LE4003
125,MH04TV4647
126,MH05AM0550
127,MH05AM1109
128,MH05AM1328
129,MH05AM550
130,MH05DK6117
131,MH05EM1328
132,MH05K9979
133,MH06AC1411
134,MH06AC1631
135,MH06AC1639
136,MH06AC2016
137,MH06AC2509
138,MH06AC2594
139,MH06AC3590
140,MH06AC4156
141,MH06AC4594
142,MH06AC6475
143,MH06AC7611
144,MH06AC8929
145,MH06AC9869
146,MH06AC9920
147,MH06AQ0478
148,MH06AQ0513
149,MH06AQ0822
150,MH06AQ1542
151,MH06AQ3333
152,MH06AQ3339
153,MH06AQ4232
154,MH06AQ5769
155,MH06AQ7341
156,MH06AQ7946
157,MH06AS148
158,MH06BD148
159,MH06BG4285
160,MH06CA7704
161,MH06K3616
162,MH06K7611
163,MH06K8564
164,MH0792717
165,MH07AH6691
166,MH07AJ1422
167,MH07AJ7771
168,MH07C5365
169,MH07C5520
170,MH07C6151
171,MH07C6606
172,MH07C6691
173,MH07C6712
174,MH07C6751
175,MH07K5365
176,MH07L5365
177,MH07X0249
178,MH07X0679
179,MH08AP0409
180,MH08H0100
181,MH08H0618
182,MH08H1430
183,MH08H1639
184,MH08H1664
185,MH08H2783
186,MH08H8196
187,MH08HI7600
188,MH08W2424
189,MH09A0572
190,MH09A5887
191,MH09A8784
192,MH09A8960
193,MH09AL4300
194,MH09AL5632
195,MH09AM3017
196,MH09BA5575
197,MH09BA5765
198,MH09BA7182
199,MH09BC0755
200,MH09BC1322
201,MH09BC1333
202,MH09BC1491
203,MH09BC1717
204,MH09BC1973
205,MH09BC2022
206,MH09BC2525
207,MH09BC3416
208,MH09BC3649
209,MH09BC3746
210,MH09BC3757
211,MH09BC3767
212,MH09BC3884
213,MH09BC4070
214,MH09BC4152
215,MH09BC4282
216,MH09BC4300
217,MH09BC4306
218,MH09BC4489
219,MH09BC5524
220,MH09BC5529
221,MH09BC5539
222,MH09BC5556
223,MH09BC5567
224,MH09BC5603
225,MH09BC5736
226,MH09BC5742
227,MH09BC5855
228,MH09BC6319
229,MH09BC6667
230,MH09BC6907
231,MH09BC7121
232,MH09BC7454
233,MH09BC755
234,MH09BC8960
235,MH09BC9210
236,MH09BC9300
237,MH09BC9876
238,MH09BC9878
239,MH09BE3416
240,MH09BL4300
241,MH09BM6667
242,MH09CA0216
243,MH09CA0476
244,MH09CA0572
245,MH09CA0638
246,MH09CA0667
247,MH09CA1051
248,MH09CA1728
249,MH09CA1798
250,MH09CA1827
251,MH09CA1978
252,MH09CA2165
253,MH09CA2174
254,MH09CA2191
255,MH09CA2529
256,MH09CA3099
257,MH09CA317
258,MH09CA4300
259,MH09CA4489
260,MH09CA5171
261,MH09CA5253
262,MH09CA557
263,MH09CA5733
264,MH09CA6357
265,MH09CA6667
266,MH09CA6698
267,MH09CA6758
268,MH09CA7565
269,MH09CA7704
270,MH09CA8088
271,MH09CA8322
272,MH09CA9695
273,MH09CD6667
274,MH09CD7282
275,MH09CE5556
276,MH09CH2122
277,MH09CM5556
278,MH09CM6969
279,MH09CP0531
280,MH09CP3250
281,MH09CP5404
282,MH09CQ0777
283,MH09CU0269
284,MH09CU0306
285,MH09CU0625
286,MH09CU0790
287,MH09CU1568
288,MH09CU2180
289,MH09CU2807
290,MH09CU2978
291,MH09CU4009
292,MH09CU4784
293,MH09CU5779
294,MH09CU6074
295,MH09CU6484
296,MH09CU6504
297,MH09CU6667
298,MH09CU6899
299,MH09CU6931
300,MH09CU7275
301,MH09CU7477
302,MH09CU7497
303,MH09CU7649
304,MH09CU7662
305,MH09CU7922
306,MH09CU8054
307,MH09CU8055
308,MH09CU8082
309,MH09CU8137
310,MH09CU8243
311,MH09CU8652
312,MH09CU9349
313,MH09CV0306
314,MH09CV5686
315,MH09CV7278
316,MH09CV7282
317,MH09CV7493
318,MH09CV7922
319,MH09CV8398
320,MH09CV9349
321,MH09CW1314
322,MH09DC1307
323,MH09DC4822
324,MH09DL1327
325,MH09DL3738
326,MH09EL8285
327,MH09EM0212
328,MH09EM0242
329,MH09EM0446
330,MH09EM0533
331,MH09EM0625
332,MH09EM1181
333,MH09EM1568
334,MH09EM1613
335,MH09EM1657
336,MH09EM1973
337,MH09EM2049
338,MH09EM2097
339,MH09EM2106
340,MH09EM2187
341,MH09EM2374
342,MH09EM2878
343,MH09EM3017
344,MH09EM3265
345,MH09EM3266
346,MH09EM3382
347,MH09EM4312
348,MH09EM4507
349,MH09EM5018
350,MH09EM5187
351,MH09EM5257
352,MH09EM5386
353,MH09EM5556
354,MH09EM5572
355,MH09EM5827
356,MH09EM6058
357,MH09EM6566
358,MH09EM6969
359,MH09EM7209
360,MH09EM7369
361,MH09EM7382
362,MH09EM7572
363,MH09EM7781
364,MH09EM7930
365,MH09EM8654
366,MH09EM9047
367,MH09EM9449
368,MH09EM9680
369,MH09EN5556
370,MH09F5632
371,MH09FC5252
372,MH09FL0381
373,MH09FL1270
374,MH09FL1325
375,MH09FL1327
376,MH09FL1397
377,MH09FL1507
378,MH09FL1588
379,MH09FL1671
380,MH09FL1798
381,MH09FL1933
382,MH09FL1973
383,MH09FL2071
384,MH09FL2093
385,MH09FL2273
386,MH09FL2522
387,MH09FL2706
388,MH09FL2970
389,MH09FL3076
390,MH09FL3162
391,MH09FL3445
392,MH09FL3582
393,MH09FL3738
394,MH09FL3837
395,MH09FL4053
396,MH09FL4884
397,MH09FL4961
398,MH09FL4997
399,MH09FL5039
400,MH09FL5179
401,MH09FL5348
402,MH09FL5352
403,MH09FL5465
404,MH09FL5773
405,MH09FL6109
406,MH09FL6546
407,MH09FL6646
408,MH09FL6742
409,MH09FL6782
410,MH09FL6839
411,MH09FL6931
412,MH09FL7084
413,MH09FL7117
414,MH09FL7182
415,MH09FL7858
416,MH09FL7977
417,MH09FL8193
418,MH09FL8847
419,MH09FL9082
420,MH09FL9140
421,MH09FL9148
422,MH09FL9232
423,MH09FL9319
424,MH09FL9720
425,MH09FL9980
426,MH09FM5556
427,MH09FZ1507
428,MH09GD0315
429,MH09GJ0121
430,MH09GJ0123
431,MH09GJ0212
432,MH09GJ0242
433,MH09GJ0315
434,MH09GJ0572
435,MH09GJ1033
436,MH09GJ1567
437,MH09GJ1730
438,MH09GJ2185
439,MH09GJ2216
440,MH09GJ2296
441,MH09GJ5393
442,MH09GM0625
443,MH09GM5556
444,MH09KP9800
445,MH09KV3394
446,MH09L1243
447,MH09L4239
448,MH09L4646
449,MH09L4739
450,MH09L4743
451,MH09L5145
452,MH09L5396
453,MH09L5632
454,MH09L5843
455,MH09L6025
456,MH09L6309
457,MH09L6572
458,MH09L7174
459,MH09L7709
460,MH09L8784
461,MH09L8793
462,MH09L8900
463,MH09L9511
464,MH09LC9651
465,MH09LM5572
466,MH09LV9349
467,MH09MA6969
468,MH09MD2127
469,MH09Q3508
470,MH09Q4566
471,MH09Q5048
472,MH09Q5297
473,MH09Q7300
474,MH09Q7331
475,MH09RM5234
476,MH09TM0821
477,MH09TU2615
478,MH09TV2122
479,MH09TV4647
480,MH09W5452
481,MH09Z1243
482,MH09Z7174
483,MH10A4630
484,MH10A5202
485,MH10A5383
486,MH10A5734
487,MH10AL3320
488,MH10AO1798
489,MH10AQ0097
490,MH10AQ0134
491,MH10AQ0242
492,MH10AQ1024
493,MH10AQ1072
494,MH10AQ1224
495,MH10AQ1567
496,MH10AQ1569
497,MH10AQ1631
498,MH10AQ1798
499,MH10AQ1823
500,MH10AQ2404
501,MH10AQ2426
502,MH10AQ2626
503,MH10AQ2766
504,MH10AQ2892
505,MH10AQ3466
506,MH10AQ3613
507,MH10AQ3636
508,MH10AQ3643
509,MH10AQ377
510,MH10AQ4317
511,MH10AQ468
512,MH10AQ4759
513,MH10AQ4969
514,MH10AQ5228
515,MH10AQ5437
516,MH10AQ5450
517,MH10AQ5458
518,MH10AQ5854
519,MH10AQ5888
520,MH10AQ6050
521,MH10AQ6154
522,MH10AQ6392
523,MH10AQ6998
524,MH10AQ7006
525,MH10AQ7349
526,MH10AQ7389
527,MH10AQ7689
528,MH10AQ7893
529,MH10AQ7922
530,MH10AQ8045
531,MH10AQ8522
532,MH10AQ9420
533,MH10AV9420
534,MH10AW0711
535,MH10AW0772
536,MH10AW2526
537,MH10AW2637
538,MH10AW2766
539,MH10AW3721
540,MH10AW4811
541,MH10AW7006
542,MH10AW7062
543,MH10AW7137
544,MH10AW7191
545,MH10AW7251
546,MH10AW7293
547,MH10AW7431
548,MH10AW7469
549,MH10AW7502
550,MH10AW7543
551,MH10AW7548
552,MH10AW7549
553,MH10AW7611
554,MH10AW7614
555,MH10AW7633
556,MH10AW7737
557,MH10AW7758
558,MH10AW7786
559,MH10AW7811
560,MH10AW7813
561,MH10AW7837
562,MH10AW7857
563,MH10AW7864
564,MH10AW7893
565,MH10AW7909
566,MH10AW7914
567,MH10AW7950
568,MH10AW7952
569,MH10AW7977
570,MH10AW7982
571,MH10AW8924
572,MH10AW9422
573,MH10AW9522
574,MH10BC4111
575,MH10BC6504
576,MH10BR1107
577,MH10BR1224
578,MH10BR1270
579,MH10BR1530
580,MH10BR1533
581,MH10BR1710
582,MH10BR1745
583,MH10BR2780
584,MH10BR2866
585,MH10BR3223
586,MH10BR3386
587,MH10BR347
588,MH10BR3472
589,MH10BR3787
590,MH10BR3969
591,MH10BR4075
592,MH10BR4483
593,MH10BR4557
594,MH10BR4817
595,MH10BR4868
596,MH10BR5120
597,MH10BR6403
598,MH10BR7153
599,MH10BR7471
600,MH10BR785
601,MH10BR7992
602,MH10BR8175
603,MH10BR9594
604,MH10BR9772
605,MH10CA1798
606,MH10CB1415
607,MH10CH4091
608,MH10CI8551
609,MH10CO3721
610,MH10CP2181
611,MH10CP4038
612,MH10CP7062
613,MH10CP762
614,MH10CQ3609
615,MH10CQ3721
616,MH10CQ4553
617,MH10CQ5239
618,MH10CR0027
619,MH10CR0062
620,MH10CR0093
621,MH10CR0388
622,MH10CR0464
623,MH10CR0508
624,MH10CR0511
625,MH10CR0518
626,MH10CR0578
627,MH10CR0600
628,MH10CR0977
629,MH10CR0992
630,MH10CR1141
631,MH10CR1223
632,MH10CR1380
633,MH10CR1415
634,MH10CR1571
635,MH10CR1650
636,MH10CR1704
637,MH10CR1972
638,MH10CR2014
639,MH10CR2457
640,MH10CR2505
641,MH10CR2539
642,MH10CR2631
643,MH10CR2777
644,MH10CR2977
645,MH10CR3136
646,MH10CR3288
647,MH10CR3301
648,MH10CR3330
649,MH10CR3455
650,MH10CR3472
651,MH10CR3721
652,MH10CR3852
653,MH10CR3886
654,MH10CR3910
655,MH10CR4067
656,MH10CR4080
657,MH10CR4082
658,MH10CR4091
659,MH10CR4357
660,MH10CR4700
661,MH10CR4707
662,MH10CR4809
663,MH10CR4995
664,MH10CR5152
665,MH10CR5239
666,MH10CR5318
667,MH10CR5360
668,MH10CR5453
669,MH10CR5589
670,MH10CR5651
671,MH10CR5670
672,MH10CR5837
673,MH10CR5887
674,MH10CR5923
675,MH10CR6078
676,MH10CR6108
677,MH10CR6200
678,MH10CR6616
679,MH10CR6624
680,MH10CR6980
681,MH10CR7020
682,MH10CR7028
683,MH10CR7056
684,MH10CR7151
685,MH10CR7349
686,MH10CR7474
687,MH10CR7595
688,MH10CR7624
689,MH10CR7715
690,MH10CR7739
691,MH10CR7797
692,MH10CR7917
693,MH10CR7964
694,MH10CR8041
695,MH10CR8175
696,MH10CR8373
697,MH10CR8551
698,MH10CR8711
699,MH10CR9000
700,MH10CR9082
701,MH10CR9225
702,MH10CR9256
703,MH10CR9266
704,MH10CR9676
705,MH10CR9721
706,MH10CR9731
707,MH10CR9851
708,MH10CR9982
709,MH10DT0020
710,MH10DT0525
711,MH10DT1014
712,MH10DT1049
713,MH10DT1680
714,MH10DT1825
715,MH10DT1871
716,MH10DT1968
717,MH10DT2054
718,MH10DT2246
719,MH10DT2270
720,MH10DT2616
721,MH10DT2618
722,MH10DT2636
723,MH10DT2904
724,MH10DT2964
725,MH10DT3068
726,MH10DT3320
727,MH10DT3501
728,MH10DT4080
729,MH10DT4111
730,MH10DT4513
731,MH10DT4622
732,MH10DT4624
733,MH10DT4921
734,MH10DT5769
735,MH10DT8383
736,MH10DT8974
737,MH10DY1014
738,MH10DZ1972
739,MH10EB1011
740,MH10EQ7349
741,MH10EW2637
742,MH10F3721
743,MH10FZ3097
744,MH10I2445
745,MH10J3144
746,MH10K5155
747,MH10K5189
748,MH10K5737
749,MH10K6351
750,MH10K6474
751,MH10K7821
752,MH10K8251
753,MH10K8576
754,MH10LR3910
755,MH10QG2100
756,MH10QW7548
757,MH10TR0161
758,MH10VR7028
759,MH10W7919
760,MH10X4649
761,MH10Z0304
762,MH10Z0499
763,MH10Z0543
764,MH10Z1014
765,MH10Z1513
766,MH10Z1523
767,MH10Z1536
768,MH10Z1569
769,MH10Z1605
770,MH10Z1643
771,MH10Z1746
772,MH10Z1785
773,MH10Z1875
774,MH10Z1905
775,MH10Z1924
776,MH10Z1985
777,MH10Z2181
778,MH10Z2187
779,MH10Z2246
780,MH10Z2445
781,MH10Z2446
782,MH10Z2456
783,MH10Z2645
784,MH10Z2650
785,MH10Z2695
786,MH10Z2766
787,MH10Z2785
788,MH10Z2864
789,MH10Z2892
790,MH10Z2945
791,MH10Z2949
792,MH10Z2968
793,MH10Z3048
794,MH10Z3052
795,MH10Z3123
796,MH10Z3144
797,MH10Z3146
798,MH10Z3172
799,MH10Z3179
800,MH10Z3227
801,MH10Z3228
802,MH10Z3272
803,MH10Z3358
804,MH10Z3378
805,MH10Z3447
806,MH10Z3462
807,MH10Z3482
808,MH10Z3505
809,MH10Z3510
810,MH10Z3529
811,MH10Z3548
812,MH10Z3563
813,MH10Z3603
814,MH10Z3609
815,MH10Z3613
816,MH10Z3629
817,MH10Z3658
818,MH10Z3672
819,MH10Z3694
820,MH10Z3711
821,MH10Z3756
822,MH10Z3905
823,MH10Z3936
824,MH10Z4051
825,MH10Z4091
826,MH10Z4168
827,MH10Z4298
828,MH10Z4301
829,MH10Z4450
830,MH10Z4468
831,MH10Z4480
832,MH10Z4489
833,MH10Z4590
834,MH10Z4624
835,MH10Z4630
836,MH10Z4631
837,MH10Z4649
838,MH10Z4912
839,MH10Z4927
840,MH10Z4941
841,MH10Z4949
842,MH10Z4966
843,MH10Z5207
844,MH10Z5450
845,MH10Z6073
846,MH10Z6074
847,MH10Z7006
848,MH10Z7893
849,MH10Z7952
850,MH10Z8055
851,MH10Z8558
852,MH10Z8856
853,MH10Z9009
854,MH10ZO499
855,MH10ZZ3613
856,MH110Z3613
857,MH1120499
858,MH1135891
859,MH113R4952
860,MH11A1990
861,MH11A2136
862,MH11A3004
863,MH11A3258
864,MH11A5512
865,MH11A5681
866,MH11AB4668
867,MH11AB9977
868,MH11AC0857
869,MH11AC2275
870,MH11AC3320
871,MH11AC3895
872,MH11AC548
873,MH11AC5512
874,MH11AF3721
875,MH11AG2275
876,MH11AG2544
877,MH11AG3070
878,MH11AG5571
879,MH11AG6376
880,MH11AG6896
881,MH11AG7277
882,MH11AK3695
883,MH11AL0047
884,MH11AL0071
885,MH11AL0094
886,MH11AL0238
887,MH11AL0359
888,MH11AL0430
889,MH11AL0472
890,MH11AL0517
891,MH11AL0548
892,MH11AL0587
893,MH11AL0604
894,MH11AL0638
895,MH11AL0693
896,MH11AL0794
897,MH11AL0857
898,MH11AL0890
899,MH11AL0987
900,MH11AL1016
901,MH11AL1021
902,MH11AL1090
903,MH11AL1112
904,MH11AL1129
905,MH11AL1190
906,MH11AL1288
907,MH11AL1335
908,MH11AL1365
909,MH11AL1368
910,MH11AL1405
911,MH11AL1478
912,MH11AL1576
913,MH11AL1593
914,MH11AL1627
915,MH11AL1725
916,MH11AL1732
917,MH11AL1735
918,MH11AL1765
919,MH11AL1806
920,MH11AL186
921,MH11AL1862
922,MH11AL1864
923,MH11AL1913
924,MH11AL1940
925,MH11AL1989
926,MH11AL1990
927,MH11AL2152
928,MH11AL2205
929,MH11AL2212
930,MH11AL2236
931,MH11AL2278
932,MH11AL2294
933,MH11AL2353
934,MH11AL2356
935,MH11AL2415
936,MH11AL2436
937,MH11AL2447
938,MH11AL2483
939,MH11AL2489
940,MH11AL2629
941,MH11AL2685
942,MH11AL2702
943,MH11AL2707
944,MH11AL2712
945,MH11AL2731
946,MH11AL2764
947,MH11AL2769
948,MH11AL2785
949,MH11AL2887
950,MH11AL2888
951,MH11AL2906
952,MH11AL2915
953,MH11AL2930
954,MH11AL2980
955,MH11AL2994
956,MH11AL3064
957,MH11AL3096
958,MH11AL3109
959,MH11AL3123
960,MH11AL3213
961,MH11AL3220
962,MH11AL3254
963,MH11AL3258
964,MH11AL3295
965,MH11AL3320
966,MH11AL3328
967,MH11AL3331
968,MH11AL3418
969,MH11AL3453
970,MH11AL3532
971,MH11AL354
972,MH11AL359
973,MH11AL3623
974,MH11AL3669
975,MH11AL3695
976,MH11AL3723
977,MH11AL3823
978,MH11AL3837
979,MH11AL4027
980,MH11AL4255
981,MH11AL430
982,MH11AL4363
983,MH11AL4368
984,MH11AL4375
985,MH11AL4528
986,MH11AL4630
987,MH11AL4636
988,MH11AL4644
989,MH11AL4824
990,MH11AL4872
991,MH11AL4943
992,MH11AL5079
993,MH11AL5112
994,MH11AL512
995,MH11AL5209
996,MH11AL5242
997,MH11AL5262
998,MH11AL527
999,MH11AL5297
1000,MH11AL534
1001,MH11AL5362
1002,MH11AL5470
1003,MH11AL548
1004,MH11AL5505
1005,MH11AL5509
1006,MH11AL5511
1007,MH11AL5512
1008,MH11AL5520
1009,MH11AL5545
1010,MH11AL5629
1011,MH11AL5645
1012,MH11AL5695
1013,MH11AL5706
1014,MH11AL5709
1015,MH11AL5774
1016,MH11AL5819
1017,MH11AL5820
1018,MH11AL5851
1019,MH11AL5929
1020,MH11AL5991
1021,MH11AL6018
1022,MH11AL614
1023,MH11AL6171
1024,MH11AL6193
1025,MH11AL6375
1026,MH11AL6403
1027,MH11AL6405
1028,MH11AL6578
1029,MH11AL6593
1030,MH11AL6681
1031,MH11AL6874
1032,MH11AL6989
1033,MH11AL7006
1034,MH11AL7234
1035,MH11AL7293
1036,MH11AL7488
1037,MH11AL7653
1038,MH11AL7654
1039,MH11AL7704
1040,MH11AL7750
1041,MH11AL7756
1042,MH11AL7969
1043,MH11AL803
1044,MH11AL8086
1045,MH11AL8397
1046,MH11AL887
1047,MH11AL8969
1048,MH11AL9099
1049,MH11AN3123
1050,MH11AS7234
1051,MH11AW7006
1052,MH11BC5024
1053,MH11BJ0281
1054,MH11BJ2156
1055,MH11BK4638
1056,MH11BL0098
1057,MH11BL230
1058,MH11BL3234
1059,MH11BL3781
1060,MH11BL3936
1061,MH11BL4889
1062,MH11BL7786
1063,MH11CG4091
1064,MH11CH0027
1065,MH11CH0068
1066,MH11CH0361
1067,MH11CH1030
1068,MH11CH1052
1069,MH11CH1053
1070,MH11CH1090
1071,MH11CH1190
1072,MH11CH1285
1073,MH11CH1454
1074,MH11CH1540
1075,MH11CH1567
1076,MH11CH1572
1077,MH11CH1636
1078,MH11CH1731
1079,MH11CH1838
1080,MH11CH1872
1081,MH11CH2046
1082,MH11CH2236
1083,MH11CH2262
1084,MH11CH2519
1085,MH11CH2897
1086,MH11CH3298
1087,MH11CH3417
1088,MH11CH3558
1089,MH11CH3564
1090,MH11CH3954
1091,MH11CH4072
1092,MH11CH4090
1093,MH11CH4091
1094,MH11CH4250
1095,MH11CH4712
1096,MH11CH4872
1097,MH11CH4897
1098,MH11CH5022
1099,MH11CH5026
1100,MH11CH5276
1101,MH11CH5297
1102,MH11CH5851
1103,MH11CH6124
1104,MH11CH6192
1105,MH11CH6465
1106,MH11CH6613
1107,MH11CH6853
1108,MH11CH7034
1109,MH11CH7188
1110,MH11CH7768
1111,MH11CH8778
1112,MH11CH8970
1113,MH11CH9029
1114,MH11CH9097
1115,MH11CH9432
1116,MH11CH9513
1117,MH11CH9691
1118,MH11CH9714
1119,MH11CJ4872
1120,MH11CJ4973
1121,MH11CJ5358
1122,MH11CR7028
1123,MH11CU2053
1124,MH11DC2722
1125,MH11DC5512
1126,MH11DC7972
1127,MH11DC9972
1128,MH11DD0361
1129,MH11DD0628
1130,MH11DD0890
1131,MH11DD0894
1132,MH11DD1205
1133,MH11DD1780
1134,MH11DD2462
1135,MH11DD3159
1136,MH11DD4566
1137,MH11DD4734
1138,MH11DD5598
1139,MH11DD5820
1140,MH11DD9620
1141,MH11DM7206
1142,MH11EB3695
1143,MH11EL2764
1144,MH11EL4300
1145,MH11F3153
1146,MH11F3378
1147,MH11F3721
1148,MH11HD3923
1149,MH11KP4949
1150,MH11KP4950
1151,MH11L4743
1152,MH11LT5512
1153,MH11LT887
1154,MH11LT9394
1155,MH11M3753
1156,MH11M4160
1157,MH11M4973
1158,MH11M5224
1159,MH11M5441
1160,MH11M5520
1161,MH11M5596
1162,MH11M5718
1163,MH11M5719
1164,MH11M5839
1165,MH11M5867
1166,MH11M5874
1167,MH11M5972
1168,MH11M6210
1169,MH11M62110
1170,MH11M6288
1171,MH11M6368
1172,MH11M6403
1173,MH11M6722
1174,MH11M6823
1175,MH11MA3004
1176,MH11MV8283
1177,MH11OD3219
1178,MH11T0413
1179,MH11T2379
1180,MH11T2391
1181,MH11T2739
1182,MH11T3763
1183,MH11T5509
1184,MH11T6095
1185,MH11TV6465
1186,MH11XH5297
1187,MH11YY6650
1188,MH124U3300
1189,MH12AA1971
1190,MH12AC2445
1191,MH12AC3320
1192,MH12AC3695
1193,MH12AC5512
1194,MH12AG5234
1195,MH12AG5571
1196,MH12AH4523
1197,MH12AH472
1198,MH12AQ1001
1199,MH12AQ1224
1200,MH12AQ2100
1201,MH12AQ3194
1202,MH12AQ5450
1203,MH12AQ5862
1204,MH12AQ6392
1205,MH12AQ6448
1206,MH12AQ7748
1207,MH12AR1419
1208,MH12AR5674
1209,MH12AS3636
1210,MH12AS7234
1211,MH12AS7236
1212,MH12AS7284
1213,MH12AS8884
1214,MH12AS8917
1215,MH12AU3304
1216,MH12CH1030
1217,MH12CH1328
1218,MH12CH2475
1219,MH12CH3275
1220,MH12CH3417
1221,MH12CH3475
1222,MH12CH4002
1223,MH12CH4205
1224,MH12CH4849
1225,MH12CH5297
1226,MH12CH7748
1227,MH12CH9495
1228,MH12CH9498
1229,MH12CH9499
1230,MH12CH9597
1231,MH12CH9899
1232,MH12CK1733
1233,MH12CK7833
1234,MH12CO7062
1235,MH12CP1051
1236,MH12CP2181
1237,MH12CP3602
1238,MH12CQ3609
1239,MH12CR2539
1240,MH12CR3721
1241,MH12CT1054
1242,MH12CT2742
1243,MH12CT4920
1244,MH12CT5934
1245,MH12CT6667
1246,MH12CT9192
1247,MH12CT9301
1248,MH12CT9391
1249,MH12CT9394
1250,MH12CT949
1251,MH12CT9495
1252,MH12CV7278
1253,MH12CW3194
1254,MH12CW3475
1255,MH12DG0189
1256,MH12DG0425
1257,MH12DG1023
1258,MH12DG1063
1259,MH12DG1362
1260,MH12DG1364
1261,MH12DG1448
1262,MH12DG1497
1263,MH12DG156
1264,MH12DG157
1265,MH12DG160
1266,MH12DG162
1267,MH12DG163
1268,MH12DG165
1269,MH12DG1654
1270,MH12DG1663
1271,MH12DG1672
1272,MH12DG169
1273,MH12DG174
1274,MH12DG1932
1275,MH12DG1951
1276,MH12DG1961
1277,MH12DG2100
1278,MH12DG2122
1279,MH12DG2445
1280,MH12DG2470
1281,MH12DG2490
1282,MH12DG4136
1283,MH12DG4310
1284,MH12DG4354
1285,MH12DG4364
1286,MH12DG4748
1287,MH12DG5352
1288,MH12DG5354
1289,MH12DG5359
1290,MH12DG5362
1291,MH12DG5363
1292,MH12DG5364
1293,MH12DG5369
1294,MH12DG5379
1295,MH12DG5397
1296,MH12DG5479
1297,MH12DG548
1298,MH12DG5497
1299,MH12DG5579
1300,MH12DG5797
1301,MH12DG5838
1302,MH12DG6054
1303,MH12DG6165
1304,MH12DG6195
1305,MH12DG6951
1306,MH12DG7379
1307,MH12DG7477
1308,MH12DG8032
1309,MH12DG8079
1310,MH12DG8154
1311,MH12DG8954
1312,MH12DT0517
1313,MH12DT0779
1314,MH12DT1378
1315,MH12DT1472
1316,MH12DT1642
1317,MH12DT1654
1318,MH12DT1662
1319,MH12DT1663
1320,MH12DT1664
1321,MH12DT1672
1322,MH12DT174
1323,MH12DT2264
1324,MH12DT2265
1325,MH12DT2618
1326,MH12DT2640
1327,MH12DT3602
1328,MH12DT4305
1329,MH12DT4368
1330,MH12DT4624
1331,MH12DT5362
1332,MH12DT5364
1333,MH12DT5497
1334,MH12DT6054
1335,MH12DT6363
1336,MH12DT7265
1337,MH12DT7486
1338,MH12ED8032
1339,MH12EF1131
1340,MH12EF2153
1341,MH12EF3766
1342,MH12EF3888
1343,MH12EF4480
1344,MH12EF5671
1345,MH12EF5674
1346,MH12EF8956
1347,MH12EF9115
1348,MH12EG2445
1349,MH12EL7748
1350,MH12EQ1212
1351,MH12EQ1259
1352,MH12EQ1449
1353,MH12EQ1457
1354,MH12EQ1672
1355,MH12EQ1878
1356,MH12EQ1951
1357,MH12EQ2021
1358,MH12EQ2100
1359,MH12EQ2112
1360,MH12EQ2113
1361,MH12EQ2122
1362,MH12EQ2133
1363,MH12EQ2223
1364,MH12EQ2233
1365,MH12EQ2245
1366,MH12EQ2445
1367,MH12EQ2900
1368,MH12EQ3024
1369,MH12EQ3046
1370,MH12EQ3484
1371,MH12EQ3595
1372,MH12EQ4204
1373,MH12EQ4478
1374,MH12EQ4849
1375,MH12EQ5362
1376,MH12EQ5379
1377,MH12EQ5389
1378,MH12EQ5970
1379,MH12EQ6195
1380,MH12EQ6448
1381,MH12EQ6690
1382,MH12EQ6698
1383,MH12EQ7091
1384,MH12EQ7148
1385,MH12EQ7248
1386,MH12EQ7477
1387,MH12EQ7742
1388,MH12EQ7748
1389,MH12EQ7844
1390,MH12EQ8137
1391,MH12EQ9192
1392,MH12EQ9899
1393,MH12ER7748
1394,MH12EX7748
1395,MH12EX9394
1396,MH12EZ3046
1397,MH12FC2010
1398,MH12FC2021
1399,MH12FC2100
1400,MH12FC2113
1401,MH12FC2121
1402,MH12FC2122
1403,MH12FC2221
1404,MH12FC2223
1405,MH12FC2293
1406,MH12FC2O21
1407,MH12FC3046
1408,MH12FC3475
1409,MH12FC3601
1410,MH12FC4746
1411,MH12FC4748
1412,MH12FC4849
1413,MH12FC4889
1414,MH12FC4949
1415,MH12FC6170
1416,MH12FC6175
1417,MH12FC6195
1418,MH12FC6256
1419,MH12FC6796
1420,MH12FC7298
1421,MH12FC7462
1422,MH12FC7494
1423,MH12FC7510
1424,MH12FC7609
1425,MH12FC7819
1426,MH12FC7904
1427,MH12FC7938
1428,MH12FC8158
1429,MH12FC8340
1430,MH12FC8467
1431,MH12FC8564
1432,MH12FC8725
1433,MH12FC8976
1434,MH12FC9800
1435,MH12FC989
1436,MH12FC9898
1437,MH12FC9899
1438,MH12FD2021
1439,MH12FD2113
1440,MH12FD2122
1441,MH12FD2264
1442,MH12FD3197
1443,MH12FD3318
1444,MH12FD3601
1445,MH12FD3602
1446,MH12FD4085
1447,MH12FD4557
1448,MH12FD4748
1449,MH12FD4949
1450,MH12FD5033
1451,MH12FD5826
1452,MH12FD6600
1453,MH12FD6667
1454,MH12FD8032
1455,MH12FD8467
1456,MH12FD8948
1457,MH12FE4748
1458,MH12FF8283
1459,MH12FJ8283
1460,MH12FL3738
1461,MH12FL6267
1462,MH12FL7283
1463,MH12FP4950
1464,MH12FP6929
1465,MH12FQ2100
1466,MH12FQ2122
1467,MH12FQ2223
1468,MH12FQ2445
1469,MH12FT1248
1470,MH12FT4136
1471,MH12FZ1311
1472,MH12FZ2012
1473,MH12FZ2021
1474,MH12FZ2100
1475,MH12FZ2122
1476,MH12FZ3001
1477,MH12FZ3046
1478,MH12FZ3048
1479,MH12FZ3057
1480,MH12FZ3070
1481,MH12FZ3094
1482,MH12FZ3097
1483,MH12FZ3109
1484,MH12FZ3172
1485,MH12FZ3180
1486,MH12FZ3187
1487,MH12FZ3197
1488,MH12FZ3272
1489,MH12FZ3317
1490,MH12FZ3412
1491,MH12FZ3559
1492,MH12FZ3601
1493,MH12FZ3602
1494,MH12FZ3654
1495,MH12FZ3779
1496,MH12FZ4009
1497,MH12FZ4086
1498,MH12FZ4117
1499,MH12FZ4136
1500,MH12FZ4168
1501,MH12FZ4171
1502,MH12FZ4385
1503,MH12FZ4451
1504,MH12FZ4468
1505,MH12FZ4643
1506,MH12FZ4656
1507,MH12FZ4696
1508,MH12FZ4747
1509,MH12FZ4748
1510,MH12FZ4749
1511,MH12FZ4769
1512,MH12FZ4781
1513,MH12FZ4849
1514,MH12FZ4899
1515,MH12FZ4925
1516,MH12FZ4949
1517,MH12FZ4950
1518,MH12FZ4969
1519,MH12FZ5299
1520,MH12FZ5331
1521,MH12FZ5362
1522,MH12FZ5549
1523,MH12FZ6195
1524,MH12FZ6500
1525,MH12FZ6566
1526,MH12FZ6991
1527,MH12FZ7044
1528,MH12FZ7093
1529,MH12FZ7102
1530,MH12FZ7105
1531,MH12FZ7120
1532,MH12FZ7145
1533,MH12FZ7278
1534,MH12FZ7345
1535,MH12FZ737
1536,MH12FZ7469
1537,MH12FZ7480
1538,MH12FZ7635
1539,MH12FZ7801
1540,MH12FZ7813
1541,MH12FZ7851
1542,MH12FZ7928
1543,MH12FZ7956
1544,MH12FZ8083
1545,MH12FZ8087
1546,MH12FZ8097
1547,MH12FZ8283
1548,MH12FZ8859
1549,MH12FZ8936
1550,MH12FZ8942
1551,MH12FZ8948
1552,MH12FZ8968
1553,MH12FZ9434
1554,MH12FZ9435
1555,MH12FZ949
1556,MH12FZ9633
1557,MH12FZ9634
1558,MH12FZ9718
1559,MH12FZ9763
1560,MH12FZ9766
1561,MH12FZ9785
1562,MH12FZ9800
1563,MH12FZ9899
1564,MH12FZ9911
1565,MH12GT1663
1566,MH12GT2709
1567,MH12GT2861
1568,MH12GT3187
1569,MH12GT5870
1570,MH12GT6475
1571,MH12GT8253
1572,MH12GT8255
1573,MH12GT8487
1574,MH12GT8559
1575,MH12HD1281
1576,MH12HD1294
1577,MH12HD1378
1578,MH12HD138
1579,MH12HD1552
1580,MH12HD1646
1581,MH12HD1678
1582,MH12HD1787
1583,MH12HD1788
1584,MH12HD1843
1585,MH12HD2023
1586,MH12HD2095
1587,MH12HD2098
1588,MH12HD2390
1589,MH12HD2676
1590,MH12HD2803
1591,MH12HD2807
1592,MH12HD2983
1593,MH12HD3026
1594,MH12HD3046
1595,MH12HD3190
1596,MH12HD3197
1597,MH12HD3223
1598,MH12HD3289
1599,MH12HD3512
1600,MH12HD3601
1601,MH12HD3602
1602,MH12HD3609
1603,MH12HD3621
1604,MH12HD3695
1605,MH12HD3723
1606,MH12HD3726
1607,MH12HD3776
1608,MH12HD3831
1609,MH12HD3872
1610,MH12HD4114
1611,MH12HD4190
1612,MH12HD4220
1613,MH12HD4235
1614,MH12HD4262
1615,MH12HD4302
1616,MH12HD4556
1617,MH12HD4599
1618,MH12HD4740
1619,MH12HD4818
1620,MH12HD482
1621,MH12HD4849
1622,MH12HD4874
1623,MH12HD4936
1624,MH12HD5118
1625,MH12HD5242
1626,MH12HD5287
1627,MH12HD5319
1628,MH12HD5331
1629,MH12HD5391
1630,MH12HD5429
1631,MH12HD5525
1632,MH12HD5796
1633,MH12HD608
1634,MH12HD6143
1635,MH12HD6600
1636,MH12HD6649
1637,MH12HD6825
1638,MH12HD7097
1639,MH12HD731
1640,MH12HD7438
1641,MH12HD750
1642,MH12HD7510
1643,MH12HD7748
1644,MH12HD7784
1645,MH12HD7794
1646,MH12HD7878
1647,MH12HD7914
1648,MH12HD8285
1649,MH12HD9057
1650,MH12HD9058
1651,MH12HD9062
1652,MH12HD9947
1653,MH12HF8295
1654,MH12HP5230
1655,MH12HV2122
1656,MH12J9060
1657,MH12JF2223
1658,MH12JF2261
1659,MH12JF261
1660,MH12JF3738
1661,MH12JF4748
1662,MH12JF5283
1663,MH12JF6383
1664,MH12KC6600
1665,MH12KF6789
1666,MH12KO9300
1667,MH12KP0756
1668,MH12KP0809
1669,MH12KP1035
1670,MH12KP1055
1671,MH12KP1231
1672,MH12KP1239
1673,MH12KP1269
1674,MH12KP2100
1675,MH12KP2104
1676,MH12KP2122
1677,MH12KP2184
1678,MH12KP2300
1679,MH12KP2887
1680,MH12KP2892
1681,MH12KP2896
1682,MH12KP3313
1683,MH12KP3486
1684,MH12KP3721
1685,MH12KP3722
1686,MH12KP3739
1687,MH12KP4031
1688,MH12KP4050
1689,MH12KP4300
1690,MH12KP4321
1691,MH12KP4327
1692,MH12KP4350
1693,MH12KP4359
1694,MH12KP449
1695,MH12KP4748
1696,MH12KP4849
1697,MH12KP4932
1698,MH12KP4949
1699,MH12KP4950
1700,MH12KP4959
1701,MH12KP4960
1702,MH12KP4966
1703,MH12KP4994
1704,MH12KP4999
1705,MH12KP5185
1706,MH12KP5260
1707,MH12KP6054
1708,MH12KP6180
1709,MH12KP6457
1710,MH12KP6600
1711,MH12KP6660
1712,MH12KP6667
1713,MH12KP6668
1714,MH12KP667
1715,MH12KP6688
1716,MH12KP6789
1717,MH12KP7027
1718,MH12KP7446
1719,MH12KP7748
1720,MH12KP7861
1721,MH12KP7946
1722,MH12KP7949
1723,MH12KP8033
1724,MH12KP8204
1725,MH12KP8283
1726,MH12KP8382
1727,MH12KP8456
1728,MH12KP8800
1729,MH12KP8956
1730,MH12KP9192
1731,MH12KP9200
1732,MH12KP9255
1733,MH12KP9300
1734,MH12KP9394
1735,MH12KP9399
1736,MH12KP9495
1737,MH12KP9532
1738,MH12KP9600
1739,MH12KP9651
1740,MH12KP980
1741,MH12KP9800
1742,MH12KP9888
1743,MH12KP9899
1744,MH12KP9952
1745,MH12LT1391
1746,MH12LT1437
1747,MH12LT1797
1748,MH12LT1992
1749,MH12LT2133
1750,MH12LT2370
1751,MH12LT2394
1752,MH12LT2420
1753,MH12LT283
1754,MH12LT2882
1755,MH12LT2887
1756,MH12LT2892
1757,MH12LT2926
1758,MH12LT2927
1759,MH12LT2933
1760,MH12LT3339
1761,MH12LT3494
1762,MH12LT3523
1763,MH12LT3602
1764,MH12LT4106
1765,MH12LT4243
1766,MH12LT4359
1767,MH12LT4376
1768,MH12LT4647
1769,MH12LT4849
1770,MH12LT4949
1771,MH12LT4950
1772,MH12LT6338
1773,MH12LT6663
1774,MH12LT6667
1775,MH12LT7238
1776,MH12LT7486
1777,MH12LT7598
1778,MH12LT7794
1779,MH12LT7960
1780,MH12LT8159
1781,MH12LT8282
1782,MH12LT8283
1783,MH12LT8287
1784,MH12LT8382
1785,MH12LT8488
1786,MH12LT9092
1787,MH12LT9096
1788,MH12LT9163
1789,MH12LT9189
1790,MH12LT9192
1791,MH12LT9194
1792,MH12LT9291
1793,MH12LT9292
1794,MH12LT9293
1795,MH12LT9300
1796,MH12LT9314
1797,MH12LT9363
1798,MH12LT9392
1799,MH12LT9394
1800,MH12LT9493
1801,MH12LT9495
1802,MH12LT9523
1803,MH12LT9595
1804,MH12LT9800
1805,MH12LT9885
1806,MH12LT9889
1807,MH12LT9892
1808,MH12LT9895
1809,MH12LT9899
1810,MH12LT9945
1811,MH12LT9966
1812,MH12LT9996
1813,MH12MV0449
1814,MH12MV0524
1815,MH12MV0525
1816,MH12MV0528
1817,MH12MV0631
1818,MH12MV1807
1819,MH12MV2148
1820,MH12MV2592
1821,MH12MV2650
1822,MH12MV2692
1823,MH12MV2836
1824,MH12MV2856
1825,MH12MV287
1826,MH12MV2882
1827,MH12MV2883
1828,MH12MV2886
1829,MH12MV2887
1830,MH12MV2891
1831,MH12MV2892
1832,MH12MV2894
1833,MH12MV2895
1834,MH12MV2896
1835,MH12MV2897
1836,MH12MV2992
1837,MH12MV3097
1838,MH12MV3195
1839,MH12MV3896
1840,MH12MV4177
1841,MH12MV4199
1842,MH12MV4202
1843,MH12MV4399
1844,MH12MV4503
1845,MH12MV4627
1846,MH12MV4741
1847,MH12MV4743
1848,MH12MV4744
1849,MH12MV4749
1850,MH12MV4752
1851,MH12MV4753
1852,MH12MV4754
1853,MH12MV4756
1854,MH12MV4758
1855,MH12MV4779
1856,MH12MV5029
1857,MH12MV5085
1858,MH12MV5161
1859,MH12MV5274
1860,MH12MV5400
1861,MH12MV5411
1862,MH12MV5428
1863,MH12MV5458
1864,MH12MV5958
1865,MH12MV6363
1866,MH12MV6599
1867,MH12MV6600
1868,MH12MV6902
1869,MH12MV7431
1870,MH12MV7445
1871,MH12MV7886
1872,MH12MV8109
1873,MH12MV8154
1874,MH12MV8182
1875,MH12MV8273
1876,MH12MV8283
1877,MH12MV8292
1878,MH12MV8293
1879,MH12MV8382
1880,MH12MV8383
1881,MH12MV840
1882,MH12MV8602
1883,MH12MV8685
1884,MH12MV8759
1885,MH12MV8882
1886,MH12MV8914
1887,MH12MV892
1888,MH12MV8937
1889,MH12MV8939
1890,MH12MV9192
1891,MH12MV9255
1892,MH12MV9394
1893,MH12MV9495
1894,MH12MV9504
1895,MH12MV9536
1896,MH12MV9753
1897,MH12MV9800
1898,MH12MV9801
1899,MH12MV9896
1900,MH12MV9912
1901,MH12MV9952
1902,MH12N7576
1903,MH12N8914
1904,MH12NT3597
1905,MH12NV2892
1906,MH12NV2896
1907,MH12NV8283
1908,MH12NV8382
1909,MH12NW0449
1910,MH12NW0994
1911,MH12NX0279
1912,MH12NX1202
1913,MH12NX1220
1914,MH12NX1837
1915,MH12NX2592
1916,MH12NX3288
1917,MH12NX4576
1918,MH12NX4645
1919,MH12NX4675
1920,MH12NX541
1921,MH12NX7645
1922,MH12NX7772
1923,MH12NX8105
1924,MH12NX8179
1925,MH12NX8288
1926,MH12NX9100
1927,MH12NX9536
1928,MH12NX9538
1929,MH12NX9571
1930,MH12NX9820
1931,MH12PQ0506
1932,MH12PQ2652
1933,MH12PQ2658
1934,MH12PQ3798
1935,MH12PQ4358
1936,MH12PQ6707
1937,MH12PQ7025
1938,MH12PQ7293
1939,MH12PQ7358
1940,MH12PQ7830
1941,MH12PQ7833
1942,MH12PQ7893
1943,MH12PQ8571
1944,MH12PQ9133
1945,MH12PQ9648
1946,MH12PQ9747
1947,MH12QA6314
1948,MH12QE6094
1949,MH12QE9945
1950,MH12QG0687
1951,MH12QG0872
1952,MH12QG100
1953,MH12QG1222
1954,MH12QG2100
1955,MH12QG2122
1956,MH12QG2343
1957,MH12QG2630
1958,MH12QG2652
1959,MH12QG2896
1960,MH12QG3479
1961,MH12QG3562
1962,MH12QG5297
1963,MH12QG6136
1964,MH12QG6314
1965,MH12QG6882
1966,MH12QG7128
1967,MH12QG7211
1968,MH12QG7362
1969,MH12QG7510
1970,MH12QG7710
1971,MH12QG8233
1972,MH12QG8571
1973,MH12QG8685
1974,MH12QG8692
1975,MH12QG9311
1976,MH12QG9504
1977,MH12QG9602
1978,MH12QG9609
1979,MH12QJ2122
1980,MH12QJ3516
1981,MH12QP8204
1982,MH12QW0524
1983,MH12QW0929
1984,MH12QW1746
1985,MH12QW2100
1986,MH12QW2122
1987,MH12QW2652
1988,MH12QW3122
1989,MH12QW3165
1990,MH12QW3194
1991,MH12QW3195
1992,MH12QW3212
1993,MH12QW3520
1994,MH12QW3895
1995,MH12QW3954
1996,MH12QW4354
1997,MH12QW5170
1998,MH12QW5294
1999,MH12QW5309
2000,MH12QW5596
2001,MH12QW5624
2002,MH12QW5825
2003,MH12QW5970
2004,MH12QW6215
2005,MH12QW6247
2006,MH12QW6679
2007,MH12QW7287
2008,MH12QW7431
2009,MH12QW7487
2010,MH12QW7510
2011,MH12QW7893
2012,MH12QW7894
2013,MH12QW7984
2014,MH12QW8196
2015,MH12QW8252
2016,MH12QW8685
2017,MH12QW8845
2018,MH12QW8959
2019,MH12QW9407
2020,MH12QW9424
2021,MH12QW9899
2022,MH12QW9945
2023,MH12QW9975
2024,MH12QW9983
2025,MH12QZ7298
2026,MH12RD9899
2027,MH12RN0033
2028,MH12RN1545
2029,MH12RN2126
2030,MH12RN2230
2031,MH12RN2838
2032,MH12RN3246
2033,MH12RN3596
2034,MH12RN4836
2035,MH12RN5373
2036,MH12RN6008
2037,MH12RN6825
2038,MH12RN8180
2039,MH12RN8525
2040,MH12RP6600
2041,MH12RP9300
2042,MH12RQ2113
2043,MH12SF1694
2044,MH12SF3299
2045,MH12SF4171
2046,MH12SF4662
2047,MH12SF5091
2048,MH12SF5787
2049,MH12SF6825
2050,MH12SF8113
2051,MH12SF8763
2052,MH12SF9302
2053,MH12SF9491
2054,MH12SX0359
2055,MH12SX1846
2056,MH12SX2992
2057,MH12SX3409
2058,MH12SX4208
2059,MH12SX4237
2060,MH12SX4491
2061,MH12SX4624
2062,MH12SX6056
2063,MH12SX6286
2064,MH12SX6296
2065,MH12SX7510
2066,MH12SX7527
2067,MH12SX7566
2068,MH12SX7645
2069,MH12SX7715
2070,MH12SX7972
2071,MH12SX8914
2072,MH12SX8918
2073,MH12SX9409
2074,MH12SX9701
2075,MH12TC2122
2076,MH12TC4647
2077,MH12TD7486
2078,MH12TL9885
2079,MH12TV0610
2080,MH12TV2073
2081,MH12TV2100
2082,MH12TV2122
2083,MH12TV2184
2084,MH12TV2536
2085,MH12TV2892
2086,MH12TV3432
2087,MH12TV3435
2088,MH12TV3535
2089,MH12TV3939
2090,MH12TV3969
2091,MH12TV3994
2092,MH12TV4057
2093,MH12TV4214
2094,MH12TV4242
2095,MH12TV4343
2096,MH12TV4378
2097,MH12TV4546
2098,MH12TV4642
2099,MH12TV4647
2100,MH12TV4689
2101,MH12TV4949
2102,MH12TV5175
2103,MH12TV5493
2104,MH12TV5556
2105,MH12TV5657
2106,MH12TV5667
2107,MH12TV5758
2108,MH12TV6162
2109,MH12TV6363
2110,MH12TV6465
2111,MH12TV6566
2112,MH12TV6667
2113,MH12TV6886
2114,MH12TV7260
2115,MH12TV7462
2116,MH12TV7475
2117,MH12TV7575
2118,MH12TV7576
2119,MH12TV7715
2120,MH12TV8064
2121,MH12TV8109
2122,MH12TV8283
2123,MH12TV8382
2124,MH12TV8384
2125,MH12TV8392
2126,MH12TV8419
2127,MH12TV8719
2128,MH12TV8898
2129,MH12TV8976
2130,MH12TV9036
2131,MH12TV9293
2132,MH12TV9393
2133,MH12TV9394
2134,MH12TV9495
2135,MH12TV9499
2136,MH12TV9697
2137,MH12TV9983
2138,MH12TX6566
2139,MH12UM1154
2140,MH12UM1276
2141,MH12UM2685
2142,MH12UM4162
2143,MH12UM4332
2144,MH12UM6998
2145,MH12UM7265
2146,MH12UM7510
2147,MH12UM7717
2148,MH12UM7767
2149,MH12UM8024
2150,MH12UM8292
2151,MH12UM9061
2152,MH12VF0319
2153,MH12VF0456
2154,MH12VF1356
2155,MH12VF2153
2156,MH12VF3031
2157,MH12VF3519
2158,MH12VF3521
2159,MH12VF3541
2160,MH12VF5137
2161,MH12VF6969
2162,MH12VF7431
2163,MH12VF8898
2164,MH12VF9044
2165,MH12VM8283
2166,MH12VT5593
2167,MH12VT6169
2168,MH12VT7816
2169,MH12WJ1512
2170,MH12YF9806
2171,MH12YV3939
2172,MH12YV6363
2173,MH12YV6566
2174,MH12YV9394
2175,MH132KP600
2176,MH13AN8283
2177,MH13AX4674
2178,MH13AX4744
2179,MH13G1234
2180,MH13K2757
2181,MH13R2634
2182,MH13R4306
2183,MH13R4331
2184,MH13R4428
2185,MH13R4462
2186,MH13R4519
2187,MH13R4714
2188,MH13R4735
2189,MH13R4952
2190,MH14AC7234
2191,MH14AF0677
2192,MH14AF5244
2193,MH14AH6063
2194,MH14AH6147
2195,MH14AH6941
2196,MH14AJ7234
2197,MH14AL4824
2198,MH14AM8075
2199,MH14AM8978
2200,MH14AS1234
2201,MH14AS2891
2202,MH14AS5781
2203,MH14AS7234
2204,MH14AS7573
2205,MH14AS7637
2206,MH14AS7658
2207,MH14AS7703
2208,MH14AS7786
2209,MH14AS7815
2210,MH14AS8104
2211,MH14AS8529
2212,MH14AS8717
2213,MH14AS8917
2214,MH14AS9377
2215,MH14AS9671
2216,MH14AS9679
2217,MH14B9168
2218,MH14BA9196
2219,MH14BB7466
2220,MH14BG0423
2221,MH14BG1448
2222,MH14BG2067
2223,MH14BG2210
2224,MH14BG281
2225,MH14BJ0092
2226,MH14BJ0232
2227,MH14BJ0281
2228,MH14BJ0287
2229,MH14BJ0419
2230,MH14BJ0556
2231,MH14BJ0636
2232,MH14BJ0746
2233,MH14BJ1033
2234,MH14BJ1108
2235,MH14BJ1132
2236,MH14BJ1292
2237,MH14BJ1448
2238,MH14BJ1520
2239,MH14BJ1531
2240,MH14BJ1945
2241,MH14BJ1977
2242,MH14BJ2067
2243,MH14BJ2068
2244,MH14BJ2072
2245,MH14BJ2167
2246,MH14BJ2201
2247,MH14BJ2240
2248,MH14BJ2425
2249,MH14BJ2445
2250,MH14BJ2453
2251,MH14BJ2743
2252,MH14BJ2768
2253,MH14BJ281
2254,MH14BJ2811
2255,MH14BJ2827
2256,MH14BJ2834
2257,MH14BJ2891
2258,MH14BJ2933
2259,MH14BJ3255
2260,MH14BJ3665
2261,MH14BJ376
2262,MH14BJ4109
2263,MH14BJ5151
2264,MH14BJ5411
2265,MH14BJ7093
2266,MH14BJ7099
2267,MH14BJ7917
2268,MH14BJ8917
2269,MH14BJ9917
2270,MH14BM4338
2271,MH14BP0289
2272,MH14BS3141
2273,MH14BX7488
2274,MH14CD0141
2275,MH14CD1051
2276,MH14CD1470
2277,MH14CG8805
2278,MH14CP0106
2279,MH14CP0151
2280,MH14CP0221
2281,MH14CP0344
2282,MH14CP051
2283,MH14CP0903
2284,MH14CP1051
2285,MH14CP1404
2286,MH14CP1470
2287,MH14CP1802
2288,MH14CP2011
2289,MH14CP2181
2290,MH14CP2219
2291,MH14CP2557
2292,MH14CP2869
2293,MH14CP2891
2294,MH14CP3349
2295,MH14CP3579
2296,MH14CP3749
2297,MH14CP4025
2298,MH14CP4026
2299,MH14CP4060
2300,MH14CP4062
2301,MH14CP4221
2302,MH14CP4285
2303,MH14CP4385
2304,MH14CP4555
2305,MH14CP4742
2306,MH14CP4794
2307,MH14CP4877
2308,MH14CP5245
2309,MH14CP5733
2310,MH14CP5902
2311,MH14CP6050
2312,MH14CP6135
2313,MH14CP6153
2314,MH14CP6353
2315,MH14CP6613
2316,MH14CP6861
2317,MH14CP6879
2318,MH14CP7052
2319,MH14CP7058
2320,MH14CP7060
2321,MH14CP7062
2322,MH14CP7410
2323,MH14CP7619
2324,MH14CP7626
2325,MH14CP7662
2326,MH14CP7672
2327,MH14CP7760
2328,MH14CP7797
2329,MH14CP7833
2330,MH14CP7863
2331,MH14CP8469
2332,MH14CP8488
2333,MH14CP8977
2334,MH14CP9370
2335,MH14CP9521
2336,MH14CP9735
2337,MH14CP9789
2338,MH14CT2181
2339,MH14CU0803
2340,MH14DG2276
2341,MH14DJ1448
2342,MH14DJ1945
2343,MH14DJ2240
2344,MH14DJ3665
2345,MH14DJ9917
2346,MH14DM0013
2347,MH14DM0016
2348,MH14DM0273
2349,MH14DM0432
2350,MH14DM0468
2351,MH14DM0758
2352,MH14DM0865
2353,MH14DM1023
2354,MH14DM1471
2355,MH14DM1876
2356,MH14DM2225
2357,MH14DM2412
2358,MH14DM2508
2359,MH14DM2808
2360,MH14DM2862
2361,MH14DM2875
2362,MH14DM3035
2363,MH14DM3395
2364,MH14DM3433
2365,MH14DM3446
2366,MH14DM3448
2367,MH14DM3884
2368,MH14DM3918
2369,MH14DM4379
2370,MH14DM5305
2371,MH14DM5477
2372,MH14DM6340
2373,MH14DM7206
2374,MH14DM7596
2375,MH14DM8047
2376,MH14DM8904
2377,MH14DM9035
2378,MH14DM9181
2379,MH14DT7486
2380,MH14DT8082
2381,MH14EM0071
2382,MH14EM0093
2383,MH14EM1050
2384,MH14EM1326
2385,MH14EM1648
2386,MH14EM2143
2387,MH14EM3224
2388,MH14EM3872
2389,MH14EM4019
2390,MH14EM4395
2391,MH14EM4479
2392,MH14EM4711
2393,MH14EM5321
2394,MH14EM5657
2395,MH14EM5687
2396,MH14EM5822
2397,MH14EM5895
2398,MH14EM5982
2399,MH14EM6321
2400,MH14EM6451
2401,MH14EM6799
2402,MH14EM6895
2403,MH14EM6995
2404,MH14EM7392
2405,MH14EM7995
2406,MH14EM8095
2407,MH14EM8291
2408,MH14EM8404
2409,MH14EM9075
2410,MH14EM9142
2411,MH14EM9561
2412,MH14EM9562
2413,MH14EM9675
2414,MH14FT0820
2415,MH14FT1105
2416,MH14FT1205
2417,MH14FT1851
2418,MH14FT2390
2419,MH14FT7392
2420,MH14FT7685
2421,MH14GD1437
2422,MH14GD1928
2423,MH14GD2242
2424,MH14GD2891
2425,MH14GD2986
2426,MH14GD2995
2427,MH14GD3186
2428,MH14GD3430
2429,MH14GD3663
2430,MH14GD4150
2431,MH14GD4466
2432,MH14GD5488
2433,MH14GD6567
2434,MH14GD6722
2435,MH14GD7146
2436,MH14GD7245
2437,MH14GD7399
2438,MH14GD7467
2439,MH14GD7528
2440,MH14GD8167
2441,MH14GD8249
2442,MH14GD9774
2443,MH14GD9881
2444,MH14GJ0281
2445,MH14GP7528
2446,MH14GQ7146
2447,MH14GU0689
2448,MH14GU1425
2449,MH14GU2036
2450,MH14GU5669
2451,MH14GU6227
2452,MH14GU6643
2453,MH14GU7176
2454,MH14GU7207
2455,MH14GU7862
2456,MH14GU8291
2457,MH14GU8838
2458,MH14GU9691
2459,MH14GU9786
2460,MH14HG0396
2461,MH14HG0743
2462,MH14HG1025
2463,MH14HG1432
2464,MH14HG1476
2465,MH14HG2210
2466,MH14HG2891
2467,MH14HG3033
2468,MH14HG5523
2469,MH14HG5733
2470,MH14HG7097
2471,MH14HG7585
2472,MH14HG7966
2473,MH14HG7985
2474,MH14HG8198
2475,MH14HG8291
2476,MH14HG8786
2477,MH14HG9646
2478,MH14HU0977
2479,MH14HU3414
2480,MH14HU4085
2481,MH14HU8336
2482,MH14HU8371
2483,MH14HU8389
2484,MH14HU8444
2485,MH14HU8501
2486,MH14HU9674
2487,MH14HV3414
2488,MH14JL0207
2489,MH14JL0378
2490,MH14JL0565
2491,MH14JL1156
2492,MH14JL1427
2493,MH14JL1467
2494,MH14JL2088
2495,MH14JL2142
2496,MH14JL2416
2497,MH14JL2768
2498,MH14JL4010
2499,MH14JL4029
2500,MH14JL6786
2501,MH14JL7037
2502,MH14JL7268
2503,MH14JL7961
2504,MH14JL8009
2505,MH14JL8737
2506,MH14JL8746
2507,MH14JL9327
2508,MH14KA2164
2509,MH14KA2184
2510,MH14KA2199
2511,MH14KA2515
2512,MH14KA5044
2513,MH14KA5199
2514,MH14KA5657
2515,MH14KA7039
2516,MH14KA7664
2517,MH14KA8188
2518,MH14KA8854
2519,MH14KP4949
2520,MH14KQ2131
2521,MH14KQ2653
2522,MH14KQ2979
2523,MH14KQ5457
2524,MH14KQ6548
2525,MH14KQ8321
2526,MH14LB0870
2527,MH14LB8558
2528,MH14V4016
2529,MH14V5363
2530,MH14V5631
2531,MH14V5925
2532,MH14Y7596
2533,MH150N1574
2534,MH15AG7955
2535,MH15B9716
2536,MH15BJ2171
2537,MH15CK0637
2538,MH15CK1733
2539,MH15CK2207
2540,MH15CK2799
2541,MH15CK3824
2542,MH15CK6898
2543,MH15CK7833
2544,MH15CK9025
2545,MH15DK2732
2546,MH15DK2823
2547,MH15DK2874
2548,MH15DK2913
2549,MH15FV0614
2550,MH15FV5825
2551,MH15FV7558
2552,MH15FV7840
2553,MH15GV7219
2554,MH15GV9208
2555,MH15KP4950
2556,MH15TV5657
2557,MH15U1417
2558,MH16AE2777
2559,MH16AE3039
2560,MH16AE3563
2561,MH16AE5225
2562,MH16AE6804
2563,MH16AE7083
2564,MH16AE7229
2565,MH16AE7397
2566,MH16AE7673
2567,MH16AE7681
2568,MH16AE7705
2569,MH16AE8351
2570,MH16AE8766
2571,MH16AE9817
2572,MH16AE9960
2573,MH16AY0620
2574,MH16AY1043
2575,MH16AY1269
2576,MH16AY1710
2577,MH16AY2670
2578,MH16AY5189
2579,MH16AY5463
2580,MH16AY8610
2581,MH16AY8695
2582,MH16AY9775
2583,MH16B2816
2584,MH16B3955
2585,MH16CC5771
2586,MH16CC7372
2587,MH16CD6426
2588,MH16CD6652
2589,MH16CD7447
2590,MH16Q5919
2591,MH16Q7351
2592,MH17AG128
2593,MH17AG2392
2594,MH17AG5444
2595,MH17AG6658
2596,MH17AG9648
2597,MH17BD4963
2598,MH17BD9333
2599,MH17BY0761
2600,MH17BY4847
2601,MH17BY8834
2602,MH17T4539
2603,MH18BG2881
2604,MH18M2263
2605,MH19BC6667
2606,MH19CY7412
2607,MH19FL1327
2608,MH19Z2945
2609,MH19Z3248
2610,MH19Z3563
2611,MH20AT0623
2612,MH20B4213
2613,MH20BE5055
2614,MH20BT1109
2615,MH20CT1035
2616,MH20CT1747
2617,MH20CT6730
2618,MH20CT8582
2619,MH20CT8834
2620,MH20DE1198
2621,MH20EL3284
2622,MH20EL9302
2623,MH20EL9455
2624,MH20EL9495
2625,MH20GC0213
2626,MH21BH6068
2627,MH21BH6205
2628,MH22HD5429
2629,MH23AU1356
2630,MH23AU1749
2631,MH23W3243
2632,MH23W7374
2633,MH24AB5620
2634,MH24AB5955
2635,MH24AB6258
2636,MH24AJ0095
2637,MH24AL0577
2638,MH24AU0577
2639,MH24AU2189
2640,MH24AU7406
2641,MH24AU7636
2642,MH24AW2189
2643,MH24CP1051
2644,MH24F7137
2645,MH24F7985
2646,MH24F8295
2647,MH24J5505
2648,MH24J6417
2649,MH24J6760
2650,MH24J7888
2651,MH24J7933
2652,MH24J8383
2653,MH24J8446
2654,MH24J8558
2655,MH24J8882
2656,MH24J9060
2657,MH24JF9936
2658,MH25AJ0039
2659,MH25AJ0095
2660,MH25AJ0426
2661,MH25AJ0550
2662,MH25AJ1678
2663,MH25AJ1763
2664,MH25AJ4646
2665,MH25AJ5325
2666,MH25BE0125
2667,MH25P2796
2668,MH25U0070
2669,MH25U0190
2670,MH25U0458
2671,MH25U0559
2672,MH25U0780
2673,MH25U1099
2674,MH25U1417
2675,MH25U2070
2676,MH25U7200
2677,MH26AD0590
2678,MH26AD0833
2679,MH26BE0770
2680,MH28B7279
2681,MH28BB4698
2682,MH30AB4942
2683,MH35K2757
2684,MH37J0412
2685,MH38D1186
2686,MH38E3499
2687,MH38X2320
2688,MH39C0812
2689,MH40BG6063
2690,MH41G5144
2691,MH42A0024
2692,MH42AF0362
2693,MH42AQ1602
2694,MH42AQ2036
2695,MH42AQ2121
2696,MH42AQ2210
2697,MH42AQ4242
2698,MH42AQ4849
2699,MH42AW2210
2700,MH42B4168
2701,MH42B7543
2702,MH42B8036
2703,MH42B8144
2704,MH42B8236
2705,MH42B8376
2706,MH42B8536
2707,MH42B8803
2708,MH42B8844
2709,MH42B8928
2710,MH42B8968
2711,MH42B8994
2712,MH42B9041
2713,MH42B9168
2714,MH42B9416
2715,MH42B9728
2716,MH42BG165
2717,MH42BX7488
2718,MH42LT9495
2719,MH42M2461
2720,MH42M2601
2721,MH42M4745
2722,MH42T0024
2723,MH42T0460
2724,MH42T0553
2725,MH42T0919
2726,MH42T0968
2727,MH42T1156
2728,MH42T1179
2729,MH42T1437
2730,MH42T4266
2731,MH42T7999
2732,MH43AD1323
2733,MH43AD3982
2734,MH43B9168
2735,MH43BG3024
2736,MH43BG3337
2737,MH43BG4937
2738,MH43BG5781
2739,MH43BG6012
2740,MH43BG6062
2741,MH43BG6072
2742,MH43BG6753
2743,MH43BP1111
2744,MH43BP1926
2745,MH43BP2016
2746,MH43BP5043
2747,MH43BP5976
2748,MH43BP7728
2749,MH43BP9756
2750,MH43BX7488
2751,MH43BY7488
2752,MH43CA4937
2753,MH43CU2147
2754,MH43E0997
2755,MH43E1187
2756,MH43E2709
2757,MH43E4861
2758,MH43E7020
2759,MH43E8227
2760,MH43E9025
2761,MH43E9673
2762,MH43E9854
2763,MH43ED0997
2764,MH43F1497
2765,MH43F1953
2766,MH43U1069
2767,MH43U1651
2768,MH43U1938
2769,MH43U2348
2770,MH43U2358
2771,MH43U3300
2772,MH43U4440
2773,MH43U5448
2774,MH43U5705
2775,MH43U5848
2776,MH43U5980
2777,MH43U7183
2778,MH43U7185
2779,MH43U7367
2780,MH43U8749
2781,MH43U8752
2782,MH43U9438
2783,MH43U9894
2784,MH43V3869
2785,MH43V7367
2786,MH43V8630
2787,MH43V9438
2788,MH43Y0129
2789,MH43Y1032
2790,MH43Y1092
2791,MH43Y1339
2792,MH43Y3354
2793,MH43Y3816
2794,MH43Y4165
2795,MH43Y4729
2796,MH43Y6141
2797,MH43Y7160
2798,MH43Y7162
2799,MH43Y8098
2800,MH43Y8515
2801,MH43Y8630
2802,MH43Y8997
2803,MH43Y9015
2804,MH451897`
2805,MH45AF0675
2806,MH45AF0676
2807,MH45AF4617
2808,MH45AF5263
2809,MH45AF7861
2810,MH45AL1327
2811,MH45F2613
2812,MH45M4745
2813,MH45T1123
2814,MH45T3053
2815,MH45U1069
2816,MH45U3869
2817,MH45Y6141
2818,MH46AF1387
2819,MH46AF3918
2820,MH46AF4618
2821,MH46AF5445
2822,MH46AF5545
2823,MH46AF6579
2824,MH46AF7191
2825,MH46AF9247
2826,MH46AR1161
2827,MH46AR1512
2828,MH46AR2179
2829,MH46AR2906
2830,MH46AR2909
2831,MH46AR5419
2832,MH46AR7395
2833,MH46BB0625
2834,MH46BB1341
2835,MH46BB1841
2836,MH46BB2041
2837,MH46BB2538
2838,MH46BB4747
2839,MH46BB4934
2840,MH46BB4935
2841,MH46BB7147
2842,MH46BB7466
2843,MH46BB7804
2844,MH46BB8428
2845,MH46BB8547
2846,MH46BC9786
2847,MH46BF0995
2848,MH46BF0997
2849,MH46BF3175
2850,MH46BF3786
2851,MH46BF4003
2852,MH46BF4009
2853,MH46BF8961
2854,MH46BF9328
2855,MH46BM0795
2856,MH46BM1300
2857,MH46BM1760
2858,MH46BM2705
2859,MH46BM2729
2860,MH46BM2988
2861,MH46BM3661
2862,MH46BM3726
2863,MH46BM3738
2864,MH46BM6786
2865,MH46BM8099
2866,MH46BM8448
2867,MH46BM8787
2868,MH46BM8844
2869,MH46BM8876
2870,MH46BM9691
2871,MH46BM9695
2872,MH46BM9761
2873,MH46BM9941
2874,MH46BP4488
2875,MH46BR3786
2876,MH46BU0475
2877,MH46BU1869
2878,MH46BU2516
2879,MH46BU6161
2880,MH46BU7171
2881,MH46BU9691
2882,MH46BX6494
2883,MH46DM0427
2884,MH46DM8787
2885,MH46F0604
2886,MH46F0888
2887,MH46F1055
2888,MH46F1111
2889,MH46F1141
2890,MH46F1191
2891,MH46F2478
2892,MH46F2613
2893,MH46F2849
2894,MH46F3385
2895,MH46F3613
2896,MH46F4201
2897,MH46F4398
2898,MH46F4711
2899,MH46F5149
2900,MH46F5394
2901,MH46F5398
2902,MH46F5403
2903,MH46F5592
2904,MH46F6991
2905,MH46F7711
2906,MH46F7821
2907,MH46F9194
2908,MH46F9992
2909,MH46FU888
2910,MH46H3112
2911,MH46H3639
2912,MH46H4959
2913,MH46U5848
2914,MH47F2613
2915,MH47Y1246
2916,MH47Y6650
2917,MH48AG3350
2918,MH48AG3565
2919,MH48AG8196
2920,MH48BM1527
2921,MH48CB1584
2922,MH48DM3099
2923,MH48J0294
2924,MH48J1053
2925,MH48JO294
2926,MH48T0697
2927,MH48T3796
2928,MH48T4013
2929,MH48T4717
2930,MH4CP7062
2931,MH50M1574
2932,MH50N0227
2933,MH50N0243
2934,MH50N1080
2935,MH50N1087
2936,MH50N1317
2937,MH50N1391
2938,MH50N1574
2939,MH50N1986
2940,MH50N2032
2941,MH50N2033
2942,MH50N2231
2943,MH50N2584
2944,MH50N2597
2945,MH50N2599
2946,MH50N3204
2947,MH50N3698
2948,MH50N4111
2949,MH50N4411
2950,MH50N4950
2951,MH50N5111
2952,MH50N5657
2953,MH50N6366
2954,MH50N7228
2955,MH50N7389
2956,MH50N7774
2957,MH50N8969
2958,MH50N9099
2959,MH50N9199
2960,NL01AB7858
2961,NL01AE6466
2962,NL01AF7472
2963,NL01N4517
2964,OD05AV1956
